model	sampleSize	binLeft	binRight	count	expected	chiSq	chiP	ksD	ksP	pitL1	nScored	nZeroed
mreg	300	0.000000	0.050000	1645	1500.000000	249.082667	0.00000	0.025193	2.24709e-13	0.073667	30000	0
mreg	300	0.050000	0.100000	1667	1500.000000	249.082667	0.00000	0.025193	2.24709e-13	0.073667	30000	0
mreg	300	0.100000	0.150000	1558	1500.000000	249.082667	0.00000	0.025193	2.24709e-13	0.073667	30000	0
mreg	300	0.150000	0.200000	1632	1500.000000	249.082667	0.00000	0.025193	2.24709e-13	0.073667	30000	0
mreg	300	0.200000	0.250000	1569	1500.000000	249.082667	0.00000	0.025193	2.24709e-13	0.073667	30000	0
mreg	300	0.250000	0.300000	1598	1500.000000	249.082667	0.00000	0.025193	2.24709e-13	0.073667	30000	0
mreg	300	0.300000	0.350000	1560	1500.000000	249.082667	0.00000	0.025193	2.24709e-13	0.073667	30000	0
mreg	300	0.350000	0.400000	1492	1500.000000	249.082667	0.00000	0.025193	2.24709e-13	0.073667	30000	0
mreg	300	0.400000	0.450000	1476	1500.000000	249.082667	0.00000	0.025193	2.24709e-13	0.073667	30000	0
mreg	300	0.450000	0.500000	1465	1500.000000	249.082667	0.00000	0.025193	2.24709e-13	0.073667	30000	0
mreg	300	0.500000	0.550000	1437	1500.000000	249.082667	0.00000	0.025193	2.24709e-13	0.073667	30000	0
mreg	300	0.550000	0.600000	1512	1500.000000	249.082667	0.00000	0.025193	2.24709e-13	0.073667	30000	0
mreg	300	0.600000	0.650000	1417	1500.000000	249.082667	0.00000	0.025193	2.24709e-13	0.073667	30000	0
mreg	300	0.650000	0.700000	1362	1500.000000	249.082667	0.00000	0.025193	2.24709e-13	0.073667	30000	0
mreg	300	0.700000	0.750000	1338	1500.000000	249.082667	0.00000	0.025193	2.24709e-13	0.073667	30000	0
mreg	300	0.750000	0.800000	1348	1500.000000	249.082667	0.00000	0.025193	2.24709e-13	0.073667	30000	0
mreg	300	0.800000	0.850000	1296	1500.000000	249.082667	0.00000	0.025193	2.24709e-13	0.073667	30000	0
mreg	300	0.850000	0.900000	1345	1500.000000	249.082667	0.00000	0.025193	2.24709e-13	0.073667	30000	0
mreg	300	0.900000	0.950000	1419	1500.000000	249.082667	0.00000	0.025193	2.24709e-13	0.073667	30000	0
mreg	300	0.950000	1.000000	1864	1500.000000	249.082667	0.00000	0.025193	2.24709e-13	0.073667	30000	0
mreg	1000	0.000000	0.050000	5454	5000.000000	713.413600	0.00000	0.025340	1.24800e-12	0.069620	100000	0
mreg	1000	0.050000	0.100000	5457	5000.000000	713.413600	0.00000	0.025340	1.24800e-12	0.069620	100000	0
mreg	1000	0.100000	0.150000	5354	5000.000000	713.413600	0.00000	0.025340	1.24800e-12	0.069620	100000	0
mreg	1000	0.150000	0.200000	5316	5000.000000	713.413600	0.00000	0.025340	1.24800e-12	0.069620	100000	0
mreg	1000	0.200000	0.250000	5318	5000.000000	713.413600	0.00000	0.025340	1.24800e-12	0.069620	100000	0
mreg	1000	0.250000	0.300000	5226	5000.000000	713.413600	0.00000	0.025340	1.24800e-12	0.069620	100000	0
mreg	1000	0.300000	0.350000	5108	5000.000000	713.413600	0.00000	0.025340	1.24800e-12	0.069620	100000	0
mreg	1000	0.350000	0.400000	5127	5000.000000	713.413600	0.00000	0.025340	1.24800e-12	0.069620	100000	0
mreg	1000	0.400000	0.450000	5087	5000.000000	713.413600	0.00000	0.025340	1.24800e-12	0.069620	100000	0
mreg	1000	0.450000	0.500000	4971	5000.000000	713.413600	0.00000	0.025340	1.24800e-12	0.069620	100000	0
mreg	1000	0.500000	0.550000	5004	5000.000000	713.413600	0.00000	0.025340	1.24800e-12	0.069620	100000	0
mreg	1000	0.550000	0.600000	4806	5000.000000	713.413600	0.00000	0.025340	1.24800e-12	0.069620	100000	0
mreg	1000	0.600000	0.650000	4793	5000.000000	713.413600	0.00000	0.025340	1.24800e-12	0.069620	100000	0
mreg	1000	0.650000	0.700000	4644	5000.000000	713.413600	0.00000	0.025340	1.24800e-12	0.069620	100000	0
mreg	1000	0.700000	0.750000	4446	5000.000000	713.413600	0.00000	0.025340	1.24800e-12	0.069620	100000	0
mreg	1000	0.750000	0.800000	4577	5000.000000	713.413600	0.00000	0.025340	1.24800e-12	0.069620	100000	0
mreg	1000	0.800000	0.850000	4407	5000.000000	713.413600	0.00000	0.025340	1.24800e-12	0.069620	100000	0
mreg	1000	0.850000	0.900000	4431	5000.000000	713.413600	0.00000	0.025340	1.24800e-12	0.069620	100000	0
mreg	1000	0.900000	0.950000	4444	5000.000000	713.413600	0.00000	0.025340	1.24800e-12	0.069620	100000	0
mreg	1000	0.950000	1.000000	6030	5000.000000	713.413600	0.00000	0.025340	1.24800e-12	0.069620	100000	0
mreg	3000	0.000000	0.050000	16074	15000.000000	1081.433467	0.00000	0.019473	1.05802e-11	0.050340	300000	0
mreg	3000	0.050000	0.100000	15882	15000.000000	1081.433467	0.00000	0.019473	1.05802e-11	0.050340	300000	0
mreg	3000	0.100000	0.150000	15739	15000.000000	1081.433467	0.00000	0.019473	1.05802e-11	0.050340	300000	0
mreg	3000	0.150000	0.200000	15766	15000.000000	1081.433467	0.00000	0.019473	1.05802e-11	0.050340	300000	0
mreg	3000	0.200000	0.250000	15790	15000.000000	1081.433467	0.00000	0.019473	1.05802e-11	0.050340	300000	0
mreg	3000	0.250000	0.300000	15521	15000.000000	1081.433467	0.00000	0.019473	1.05802e-11	0.050340	300000	0
mreg	3000	0.300000	0.350000	15440	15000.000000	1081.433467	0.00000	0.019473	1.05802e-11	0.050340	300000	0
mreg	3000	0.350000	0.400000	15260	15000.000000	1081.433467	0.00000	0.019473	1.05802e-11	0.050340	300000	0
mreg	3000	0.400000	0.450000	15114	15000.000000	1081.433467	0.00000	0.019473	1.05802e-11	0.050340	300000	0
mreg	3000	0.450000	0.500000	15080	15000.000000	1081.433467	0.00000	0.019473	1.05802e-11	0.050340	300000	0
mreg	3000	0.500000	0.550000	14797	15000.000000	1081.433467	0.00000	0.019473	1.05802e-11	0.050340	300000	0
mreg	3000	0.550000	0.600000	14719	15000.000000	1081.433467	0.00000	0.019473	1.05802e-11	0.050340	300000	0
mreg	3000	0.600000	0.650000	14672	15000.000000	1081.433467	0.00000	0.019473	1.05802e-11	0.050340	300000	0
mreg	3000	0.650000	0.700000	14312	15000.000000	1081.433467	0.00000	0.019473	1.05802e-11	0.050340	300000	0
mreg	3000	0.700000	0.750000	14145	15000.000000	1081.433467	0.00000	0.019473	1.05802e-11	0.050340	300000	0
mreg	3000	0.750000	0.800000	13925	15000.000000	1081.433467	0.00000	0.019473	1.05802e-11	0.050340	300000	0
mreg	3000	0.800000	0.850000	13945	15000.000000	1081.433467	0.00000	0.019473	1.05802e-11	0.050340	300000	0
mreg	3000	0.850000	0.900000	13583	15000.000000	1081.433467	0.00000	0.019473	1.05802e-11	0.050340	300000	0
mreg	3000	0.900000	0.950000	13351	15000.000000	1081.433467	0.00000	0.019473	1.05802e-11	0.050340	300000	0
mreg	3000	0.950000	1.000000	16885	15000.000000	1081.433467	0.00000	0.019473	1.05802e-11	0.050340	300000	0
kreg	300	0.000000	0.050000	1683	1500.000000	306.017333	0.00000	0.029823	1.38112e-13	0.084333	30000	0
kreg	300	0.050000	0.100000	1659	1500.000000	306.017333	0.00000	0.029823	1.38112e-13	0.084333	30000	0
kreg	300	0.100000	0.150000	1591	1500.000000	306.017333	0.00000	0.029823	1.38112e-13	0.084333	30000	0
kreg	300	0.150000	0.200000	1611	1500.000000	306.017333	0.00000	0.029823	1.38112e-13	0.084333	30000	0
kreg	300	0.200000	0.250000	1570	1500.000000	306.017333	0.00000	0.029823	1.38112e-13	0.084333	30000	0
kreg	300	0.250000	0.300000	1620	1500.000000	306.017333	0.00000	0.029823	1.38112e-13	0.084333	30000	0
kreg	300	0.300000	0.350000	1636	1500.000000	306.017333	0.00000	0.029823	1.38112e-13	0.084333	30000	0
kreg	300	0.350000	0.400000	1497	1500.000000	306.017333	0.00000	0.029823	1.38112e-13	0.084333	30000	0
kreg	300	0.400000	0.450000	1451	1500.000000	306.017333	0.00000	0.029823	1.38112e-13	0.084333	30000	0
kreg	300	0.450000	0.500000	1482	1500.000000	306.017333	0.00000	0.029823	1.38112e-13	0.084333	30000	0
kreg	300	0.500000	0.550000	1456	1500.000000	306.017333	0.00000	0.029823	1.38112e-13	0.084333	30000	0
kreg	300	0.550000	0.600000	1432	1500.000000	306.017333	0.00000	0.029823	1.38112e-13	0.084333	30000	0
kreg	300	0.600000	0.650000	1536	1500.000000	306.017333	0.00000	0.029823	1.38112e-13	0.084333	30000	0
kreg	300	0.650000	0.700000	1368	1500.000000	306.017333	0.00000	0.029823	1.38112e-13	0.084333	30000	0
kreg	300	0.700000	0.750000	1360	1500.000000	306.017333	0.00000	0.029823	1.38112e-13	0.084333	30000	0
kreg	300	0.750000	0.800000	1277	1500.000000	306.017333	0.00000	0.029823	1.38112e-13	0.084333	30000	0
kreg	300	0.800000	0.850000	1288	1500.000000	306.017333	0.00000	0.029823	1.38112e-13	0.084333	30000	0
kreg	300	0.850000	0.900000	1313	1500.000000	306.017333	0.00000	0.029823	1.38112e-13	0.084333	30000	0
kreg	300	0.900000	0.950000	1311	1500.000000	306.017333	0.00000	0.029823	1.38112e-13	0.084333	30000	0
kreg	300	0.950000	1.000000	1859	1500.000000	306.017333	0.00000	0.029823	1.38112e-13	0.084333	30000	0
kreg	1000	0.000000	0.050000	5323	5000.000000	355.543200	0.00000	0.024860	4.53415e-13	0.051700	100000	0
kreg	1000	0.050000	0.100000	5395	5000.000000	355.543200	0.00000	0.024860	4.53415e-13	0.051700	100000	0
kreg	1000	0.100000	0.150000	5315	5000.000000	355.543200	0.00000	0.024860	4.53415e-13	0.051700	100000	0
kreg	1000	0.150000	0.200000	5320	5000.000000	355.543200	0.00000	0.024860	4.53415e-13	0.051700	100000	0
kreg	1000	0.200000	0.250000	5272	5000.000000	355.543200	0.00000	0.024860	4.53415e-13	0.051700	100000	0
kreg	1000	0.250000	0.300000	5148	5000.000000	355.543200	0.00000	0.024860	4.53415e-13	0.051700	100000	0
kreg	1000	0.300000	0.350000	5192	5000.000000	355.543200	0.00000	0.024860	4.53415e-13	0.051700	100000	0
kreg	1000	0.350000	0.400000	5167	5000.000000	355.543200	0.00000	0.024860	4.53415e-13	0.051700	100000	0
kreg	1000	0.400000	0.450000	5151	5000.000000	355.543200	0.00000	0.024860	4.53415e-13	0.051700	100000	0
kreg	1000	0.450000	0.500000	5093	5000.000000	355.543200	0.00000	0.024860	4.53415e-13	0.051700	100000	0
kreg	1000	0.500000	0.550000	5046	5000.000000	355.543200	0.00000	0.024860	4.53415e-13	0.051700	100000	0
kreg	1000	0.550000	0.600000	4869	5000.000000	355.543200	0.00000	0.024860	4.53415e-13	0.051700	100000	0
kreg	1000	0.600000	0.650000	5012	5000.000000	355.543200	0.00000	0.024860	4.53415e-13	0.051700	100000	0
kreg	1000	0.650000	0.700000	4687	5000.000000	355.543200	0.00000	0.024860	4.53415e-13	0.051700	100000	0
kreg	1000	0.700000	0.750000	4631	5000.000000	355.543200	0.00000	0.024860	4.53415e-13	0.051700	100000	0
kreg	1000	0.750000	0.800000	4742	5000.000000	355.543200	0.00000	0.024860	4.53415e-13	0.051700	100000	0
kreg	1000	0.800000	0.850000	4565	5000.000000	355.543200	0.00000	0.024860	4.53415e-13	0.051700	100000	0
kreg	1000	0.850000	0.900000	4529	5000.000000	355.543200	0.00000	0.024860	4.53415e-13	0.051700	100000	0
kreg	1000	0.900000	0.950000	4392	5000.000000	355.543200	0.00000	0.024860	4.53415e-13	0.051700	100000	0
kreg	1000	0.950000	1.000000	5151	5000.000000	355.543200	0.00000	0.024860	4.53415e-13	0.051700	100000	0
kreg	3000	0.000000	0.050000	15671	15000.000000	450.581067	0.00000	0.017083	1.41354e-12	0.032753	300000	0
kreg	3000	0.050000	0.100000	15712	15000.000000	450.581067	0.00000	0.017083	1.41354e-12	0.032753	300000	0
kreg	3000	0.100000	0.150000	15497	15000.000000	450.581067	0.00000	0.017083	1.41354e-12	0.032753	300000	0
kreg	3000	0.150000	0.200000	15594	15000.000000	450.581067	0.00000	0.017083	1.41354e-12	0.032753	300000	0
kreg	3000	0.200000	0.250000	15700	15000.000000	450.581067	0.00000	0.017083	1.41354e-12	0.032753	300000	0
kreg	3000	0.250000	0.300000	15513	15000.000000	450.581067	0.00000	0.017083	1.41354e-12	0.032753	300000	0
kreg	3000	0.300000	0.350000	15353	15000.000000	450.581067	0.00000	0.017083	1.41354e-12	0.032753	300000	0
kreg	3000	0.350000	0.400000	15268	15000.000000	450.581067	0.00000	0.017083	1.41354e-12	0.032753	300000	0
kreg	3000	0.400000	0.450000	15287	15000.000000	450.581067	0.00000	0.017083	1.41354e-12	0.032753	300000	0
kreg	3000	0.450000	0.500000	15133	15000.000000	450.581067	0.00000	0.017083	1.41354e-12	0.032753	300000	0
kreg	3000	0.500000	0.550000	15087	15000.000000	450.581067	0.00000	0.017083	1.41354e-12	0.032753	300000	0
kreg	3000	0.550000	0.600000	15098	15000.000000	450.581067	0.00000	0.017083	1.41354e-12	0.032753	300000	0
kreg	3000	0.600000	0.650000	14959	15000.000000	450.581067	0.00000	0.017083	1.41354e-12	0.032753	300000	0
kreg	3000	0.650000	0.700000	14714	15000.000000	450.581067	0.00000	0.017083	1.41354e-12	0.032753	300000	0
kreg	3000	0.700000	0.750000	14608	15000.000000	450.581067	0.00000	0.017083	1.41354e-12	0.032753	300000	0
kreg	3000	0.750000	0.800000	14389	15000.000000	450.581067	0.00000	0.017083	1.41354e-12	0.032753	300000	0
kreg	3000	0.800000	0.850000	14325	15000.000000	450.581067	0.00000	0.017083	1.41354e-12	0.032753	300000	0
kreg	3000	0.850000	0.900000	14321	15000.000000	450.581067	0.00000	0.017083	1.41354e-12	0.032753	300000	0
kreg	3000	0.900000	0.950000	13637	15000.000000	450.581067	0.00000	0.017083	1.41354e-12	0.032753	300000	0
kreg	3000	0.950000	1.000000	14134	15000.000000	450.581067	0.00000	0.017083	1.41354e-12	0.032753	300000	0
ccd1	300	0.000000	0.050000	1065	1071.550000	28.589380	0.0727243	0.009851	0.0310244	0.028043	21431	8569
ccd1	300	0.050000	0.100000	1132	1071.550000	28.589380	0.0727243	0.009851	0.0310244	0.028043	21431	8569
ccd1	300	0.100000	0.150000	1101	1071.550000	28.589380	0.0727243	0.009851	0.0310244	0.028043	21431	8569
ccd1	300	0.150000	0.200000	1073	1071.550000	28.589380	0.0727243	0.009851	0.0310244	0.028043	21431	8569
ccd1	300	0.200000	0.250000	1060	1071.550000	28.589380	0.0727243	0.009851	0.0310244	0.028043	21431	8569
ccd1	300	0.250000	0.300000	1070	1071.550000	28.589380	0.0727243	0.009851	0.0310244	0.028043	21431	8569
ccd1	300	0.300000	0.350000	1079	1071.550000	28.589380	0.0727243	0.009851	0.0310244	0.028043	21431	8569
ccd1	300	0.350000	0.400000	1049	1071.550000	28.589380	0.0727243	0.009851	0.0310244	0.028043	21431	8569
ccd1	300	0.400000	0.450000	1058	1071.550000	28.589380	0.0727243	0.009851	0.0310244	0.028043	21431	8569
ccd1	300	0.450000	0.500000	1111	1071.550000	28.589380	0.0727243	0.009851	0.0310244	0.028043	21431	8569
ccd1	300	0.500000	0.550000	1083	1071.550000	28.589380	0.0727243	0.009851	0.0310244	0.028043	21431	8569
ccd1	300	0.550000	0.600000	1080	1071.550000	28.589380	0.0727243	0.009851	0.0310244	0.028043	21431	8569
ccd1	300	0.600000	0.650000	1044	1071.550000	28.589380	0.0727243	0.009851	0.0310244	0.028043	21431	8569
ccd1	300	0.650000	0.700000	1118	1071.550000	28.589380	0.0727243	0.009851	0.0310244	0.028043	21431	8569
ccd1	300	0.700000	0.750000	1157	1071.550000	28.589380	0.0727243	0.009851	0.0310244	0.028043	21431	8569
ccd1	300	0.750000	0.800000	1007	1071.550000	28.589380	0.0727243	0.009851	0.0310244	0.028043	21431	8569
ccd1	300	0.800000	0.850000	1082	1071.550000	28.589380	0.0727243	0.009851	0.0310244	0.028043	21431	8569
ccd1	300	0.850000	0.900000	994	1071.550000	28.589380	0.0727243	0.009851	0.0310244	0.028043	21431	8569
ccd1	300	0.900000	0.950000	1041	1071.550000	28.589380	0.0727243	0.009851	0.0310244	0.028043	21431	8569
ccd1	300	0.950000	1.000000	1027	1071.550000	28.589380	0.0727243	0.009851	0.0310244	0.028043	21431	8569
ccd1	1000	0.000000	0.050000	4416	4284.600000	52.928348	4.79886e-05	0.010004	7.06394e-08	0.021075	85692	14308
ccd1	1000	0.050000	0.100000	4445	4284.600000	52.928348	4.79886e-05	0.010004	7.06394e-08	0.021075	85692	14308
ccd1	1000	0.100000	0.150000	4384	4284.600000	52.928348	4.79886e-05	0.010004	7.06394e-08	0.021075	85692	14308
ccd1	1000	0.150000	0.200000	4352	4284.600000	52.928348	4.79886e-05	0.010004	7.06394e-08	0.021075	85692	14308
ccd1	1000	0.200000	0.250000	4386	4284.600000	52.928348	4.79886e-05	0.010004	7.06394e-08	0.021075	85692	14308
ccd1	1000	0.250000	0.300000	4458	4284.600000	52.928348	4.79886e-05	0.010004	7.06394e-08	0.021075	85692	14308
ccd1	1000	0.300000	0.350000	4311	4284.600000	52.928348	4.79886e-05	0.010004	7.06394e-08	0.021075	85692	14308
ccd1	1000	0.350000	0.400000	4231	4284.600000	52.928348	4.79886e-05	0.010004	7.06394e-08	0.021075	85692	14308
ccd1	1000	0.400000	0.450000	4318	4284.600000	52.928348	4.79886e-05	0.010004	7.06394e-08	0.021075	85692	14308
ccd1	1000	0.450000	0.500000	4381	4284.600000	52.928348	4.79886e-05	0.010004	7.06394e-08	0.021075	85692	14308
ccd1	1000	0.500000	0.550000	4230	4284.600000	52.928348	4.79886e-05	0.010004	7.06394e-08	0.021075	85692	14308
ccd1	1000	0.550000	0.600000	4298	4284.600000	52.928348	4.79886e-05	0.010004	7.06394e-08	0.021075	85692	14308
ccd1	1000	0.600000	0.650000	4267	4284.600000	52.928348	4.79886e-05	0.010004	7.06394e-08	0.021075	85692	14308
ccd1	1000	0.650000	0.700000	4239	4284.600000	52.928348	4.79886e-05	0.010004	7.06394e-08	0.021075	85692	14308
ccd1	1000	0.700000	0.750000	4207	4284.600000	52.928348	4.79886e-05	0.010004	7.06394e-08	0.021075	85692	14308
ccd1	1000	0.750000	0.800000	4056	4284.600000	52.928348	4.79886e-05	0.010004	7.06394e-08	0.021075	85692	14308
ccd1	1000	0.800000	0.850000	4188	4284.600000	52.928348	4.79886e-05	0.010004	7.06394e-08	0.021075	85692	14308
ccd1	1000	0.850000	0.900000	4128	4284.600000	52.928348	4.79886e-05	0.010004	7.06394e-08	0.021075	85692	14308
ccd1	1000	0.900000	0.950000	4234	4284.600000	52.928348	4.79886e-05	0.010004	7.06394e-08	0.021075	85692	14308
ccd1	1000	0.950000	1.000000	4163	4284.600000	52.928348	4.79886e-05	0.010004	7.06394e-08	0.021075	85692	14308
ccd1	3000	0.000000	0.050000	14272	13863.700000	132.201808	0.00000	0.008934	8.38218e-14	0.018136	277274	22726
ccd1	3000	0.050000	0.100000	14149	13863.700000	132.201808	0.00000	0.008934	8.38218e-14	0.018136	277274	22726
ccd1	3000	0.100000	0.150000	14092	13863.700000	132.201808	0.00000	0.008934	8.38218e-14	0.018136	277274	22726
ccd1	3000	0.150000	0.200000	14162	13863.700000	132.201808	0.00000	0.008934	8.38218e-14	0.018136	277274	22726
ccd1	3000	0.200000	0.250000	14339	13863.700000	132.201808	0.00000	0.008934	8.38218e-14	0.018136	277274	22726
ccd1	3000	0.250000	0.300000	14125	13863.700000	132.201808	0.00000	0.008934	8.38218e-14	0.018136	277274	22726
ccd1	3000	0.300000	0.350000	14053	13863.700000	132.201808	0.00000	0.008934	8.38218e-14	0.018136	277274	22726
ccd1	3000	0.350000	0.400000	13929	13863.700000	132.201808	0.00000	0.008934	8.38218e-14	0.018136	277274	22726
ccd1	3000	0.400000	0.450000	13896	13863.700000	132.201808	0.00000	0.008934	8.38218e-14	0.018136	277274	22726
ccd1	3000	0.450000	0.500000	13981	13863.700000	132.201808	0.00000	0.008934	8.38218e-14	0.018136	277274	22726
ccd1	3000	0.500000	0.550000	13772	13863.700000	132.201808	0.00000	0.008934	8.38218e-14	0.018136	277274	22726
ccd1	3000	0.550000	0.600000	13784	13863.700000	132.201808	0.00000	0.008934	8.38218e-14	0.018136	277274	22726
ccd1	3000	0.600000	0.650000	14017	13863.700000	132.201808	0.00000	0.008934	8.38218e-14	0.018136	277274	22726
ccd1	3000	0.650000	0.700000	13652	13863.700000	132.201808	0.00000	0.008934	8.38218e-14	0.018136	277274	22726
ccd1	3000	0.700000	0.750000	13580	13863.700000	132.201808	0.00000	0.008934	8.38218e-14	0.018136	277274	22726
ccd1	3000	0.750000	0.800000	13447	13863.700000	132.201808	0.00000	0.008934	8.38218e-14	0.018136	277274	22726
ccd1	3000	0.800000	0.850000	13551	13863.700000	132.201808	0.00000	0.008934	8.38218e-14	0.018136	277274	22726
ccd1	3000	0.850000	0.900000	13741	13863.700000	132.201808	0.00000	0.008934	8.38218e-14	0.018136	277274	22726
ccd1	3000	0.900000	0.950000	13639	13863.700000	132.201808	0.00000	0.008934	8.38218e-14	0.018136	277274	22726
ccd1	3000	0.950000	1.000000	13093	13863.700000	132.201808	0.00000	0.008934	8.38218e-14	0.018136	277274	22726
ccd0	300	0.000000	0.050000	437	1331.350000	32306.510347	0.00000	0.315147	1.40334e-10	0.629080	26627	3373
ccd0	300	0.050000	0.100000	468	1331.350000	32306.510347	0.00000	0.315147	1.40334e-10	0.629080	26627	3373
ccd0	300	0.100000	0.150000	545	1331.350000	32306.510347	0.00000	0.315147	1.40334e-10	0.629080	26627	3373
ccd0	300	0.150000	0.200000	586	1331.350000	32306.510347	0.00000	0.315147	1.40334e-10	0.629080	26627	3373
ccd0	300	0.200000	0.250000	629	1331.350000	32306.510347	0.00000	0.315147	1.40334e-10	0.629080	26627	3373
ccd0	300	0.250000	0.300000	634	1331.350000	32306.510347	0.00000	0.315147	1.40334e-10	0.629080	26627	3373
ccd0	300	0.300000	0.350000	737	1331.350000	32306.510347	0.00000	0.315147	1.40334e-10	0.629080	26627	3373
ccd0	300	0.350000	0.400000	718	1331.350000	32306.510347	0.00000	0.315147	1.40334e-10	0.629080	26627	3373
ccd0	300	0.400000	0.450000	754	1331.350000	32306.510347	0.00000	0.315147	1.40334e-10	0.629080	26627	3373
ccd0	300	0.450000	0.500000	855	1331.350000	32306.510347	0.00000	0.315147	1.40334e-10	0.629080	26627	3373
ccd0	300	0.500000	0.550000	891	1331.350000	32306.510347	0.00000	0.315147	1.40334e-10	0.629080	26627	3373
ccd0	300	0.550000	0.600000	992	1331.350000	32306.510347	0.00000	0.315147	1.40334e-10	0.629080	26627	3373
ccd0	300	0.600000	0.650000	1006	1331.350000	32306.510347	0.00000	0.315147	1.40334e-10	0.629080	26627	3373
ccd0	300	0.650000	0.700000	1118	1331.350000	32306.510347	0.00000	0.315147	1.40334e-10	0.629080	26627	3373
ccd0	300	0.700000	0.750000	1225	1331.350000	32306.510347	0.00000	0.315147	1.40334e-10	0.629080	26627	3373
ccd0	300	0.750000	0.800000	1456	1331.350000	32306.510347	0.00000	0.315147	1.40334e-10	0.629080	26627	3373
ccd0	300	0.800000	0.850000	1636	1331.350000	32306.510347	0.00000	0.315147	1.40334e-10	0.629080	26627	3373
ccd0	300	0.850000	0.900000	2060	1331.350000	32306.510347	0.00000	0.315147	1.40334e-10	0.629080	26627	3373
ccd0	300	0.900000	0.950000	2609	1331.350000	32306.510347	0.00000	0.315147	1.40334e-10	0.629080	26627	3373
ccd0	300	0.950000	1.000000	7271	1331.350000	32306.510347	0.00000	0.315147	1.40334e-10	0.629080	26627	3373
ccd0	1000	0.000000	0.050000	1531	4776.300000	137573.237066	0.00000	0.326781	4.04231e-10	0.650813	95526	4474
ccd0	1000	0.050000	0.100000	1770	4776.300000	137573.237066	0.00000	0.326781	4.04231e-10	0.650813	95526	4474
ccd0	1000	0.100000	0.150000	1920	4776.300000	137573.237066	0.00000	0.326781	4.04231e-10	0.650813	95526	4474
ccd0	1000	0.150000	0.200000	2023	4776.300000	137573.237066	0.00000	0.326781	4.04231e-10	0.650813	95526	4474
ccd0	1000	0.200000	0.250000	2129	4776.300000	137573.237066	0.00000	0.326781	4.04231e-10	0.650813	95526	4474
ccd0	1000	0.250000	0.300000	2226	4776.300000	137573.237066	0.00000	0.326781	4.04231e-10	0.650813	95526	4474
ccd0	1000	0.300000	0.350000	2410	4776.300000	137573.237066	0.00000	0.326781	4.04231e-10	0.650813	95526	4474
ccd0	1000	0.350000	0.400000	2647	4776.300000	137573.237066	0.00000	0.326781	4.04231e-10	0.650813	95526	4474
ccd0	1000	0.400000	0.450000	2736	4776.300000	137573.237066	0.00000	0.326781	4.04231e-10	0.650813	95526	4474
ccd0	1000	0.450000	0.500000	2795	4776.300000	137573.237066	0.00000	0.326781	4.04231e-10	0.650813	95526	4474
ccd0	1000	0.500000	0.550000	3102	4776.300000	137573.237066	0.00000	0.326781	4.04231e-10	0.650813	95526	4474
ccd0	1000	0.550000	0.600000	3367	4776.300000	137573.237066	0.00000	0.326781	4.04231e-10	0.650813	95526	4474
ccd0	1000	0.600000	0.650000	3559	4776.300000	137573.237066	0.00000	0.326781	4.04231e-10	0.650813	95526	4474
ccd0	1000	0.650000	0.700000	3997	4776.300000	137573.237066	0.00000	0.326781	4.04231e-10	0.650813	95526	4474
ccd0	1000	0.700000	0.750000	4372	4776.300000	137573.237066	0.00000	0.326781	4.04231e-10	0.650813	95526	4474
ccd0	1000	0.750000	0.800000	4752	4776.300000	137573.237066	0.00000	0.326781	4.04231e-10	0.650813	95526	4474
ccd0	1000	0.800000	0.850000	5673	4776.300000	137573.237066	0.00000	0.326781	4.04231e-10	0.650813	95526	4474
ccd0	1000	0.850000	0.900000	6882	4776.300000	137573.237066	0.00000	0.326781	4.04231e-10	0.650813	95526	4474
ccd0	1000	0.900000	0.950000	9240	4776.300000	137573.237066	0.00000	0.326781	4.04231e-10	0.650813	95526	4474
ccd0	1000	0.950000	1.000000	28395	4776.300000	137573.237066	0.00000	0.326781	4.04231e-10	0.650813	95526	4474
ccd0	3000	0.000000	0.050000	4714	14728.500000	460722.537597	0.00000	0.334492	8.08072e-10	0.667984	294570	5430
ccd0	3000	0.050000	0.100000	5258	14728.500000	460722.537597	0.00000	0.334492	8.08072e-10	0.667984	294570	5430
ccd0	3000	0.100000	0.150000	5942	14728.500000	460722.537597	0.00000	0.334492	8.08072e-10	0.667984	294570	5430
ccd0	3000	0.150000	0.200000	6169	14728.500000	460722.537597	0.00000	0.334492	8.08072e-10	0.667984	294570	5430
ccd0	3000	0.200000	0.250000	6448	14728.500000	460722.537597	0.00000	0.334492	8.08072e-10	0.667984	294570	5430
ccd0	3000	0.250000	0.300000	6935	14728.500000	460722.537597	0.00000	0.334492	8.08072e-10	0.667984	294570	5430
ccd0	3000	0.300000	0.350000	7262	14728.500000	460722.537597	0.00000	0.334492	8.08072e-10	0.667984	294570	5430
ccd0	3000	0.350000	0.400000	7864	14728.500000	460722.537597	0.00000	0.334492	8.08072e-10	0.667984	294570	5430
ccd0	3000	0.400000	0.450000	8233	14728.500000	460722.537597	0.00000	0.334492	8.08072e-10	0.667984	294570	5430
ccd0	3000	0.450000	0.500000	8590	14728.500000	460722.537597	0.00000	0.334492	8.08072e-10	0.667984	294570	5430
ccd0	3000	0.500000	0.550000	9518	14728.500000	460722.537597	0.00000	0.334492	8.08072e-10	0.667984	294570	5430
ccd0	3000	0.550000	0.600000	10207	14728.500000	460722.537597	0.00000	0.334492	8.08072e-10	0.667984	294570	5430
ccd0	3000	0.600000	0.650000	10818	14728.500000	460722.537597	0.00000	0.334492	8.08072e-10	0.667984	294570	5430
ccd0	3000	0.650000	0.700000	11799	14728.500000	460722.537597	0.00000	0.334492	8.08072e-10	0.667984	294570	5430
ccd0	3000	0.700000	0.750000	12938	14728.500000	460722.537597	0.00000	0.334492	8.08072e-10	0.667984	294570	5430
ccd0	3000	0.750000	0.800000	14577	14728.500000	460722.537597	0.00000	0.334492	8.08072e-10	0.667984	294570	5430
ccd0	3000	0.800000	0.850000	17182	14728.500000	460722.537597	0.00000	0.334492	8.08072e-10	0.667984	294570	5430
ccd0	3000	0.850000	0.900000	20657	14728.500000	460722.537597	0.00000	0.334492	8.08072e-10	0.667984	294570	5430
ccd0	3000	0.900000	0.950000	28367	14728.500000	460722.537597	0.00000	0.334492	8.08072e-10	0.667984	294570	5430
ccd0	3000	0.950000	1.000000	91092	14728.500000	460722.537597	0.00000	0.334492	8.08072e-10	0.667984	294570	5430
